;Minecraft Economy Manager;;;;;;;;;;;;;
;;;;;;;;;;;;;;
;;;;;;;;;;;;;;
;;;;;;;;;;;;;;
;;;;;;;;;;;;;;G‚n‚ration fichier worth
ID;Name;Quantity;Production Cost;Sell Price;Operations per Fuel;;Variables;;;;;;;worth:
1;Stone;1;$0,47;$0,52;;;Taxes;;;;;;;1
"1;1";Granite;1;$20,04;$22,48;;;2;System Sell Profit in %;;;;;;
"1;2";Polished Granite;1;$22,48;$25,22;;;5;Collector Sell Profit in %;;;;;;
"1;3";Diorite;1;$19,01;$21,33;;;10;Crafter Sell Profit in %;;;;;;
"1;4";Polished Diorite;1;$21,33;$23,93;;;Basic materials;;;;;;;
"1;5";Andesite;1;$10,80;$12,12;;;Wood;5;Oak Wood Planks;$0,60;;;;
"1;6";Polished Andesite;1;$12,12;$13,59;;;Furnace fuel;263;Coal;$0,20;;;;
2;Grass Block;1;$0,47;$0,50;;;Experience level;1200;;;;;;
3;Dirt;1;$0,23;$0,25;;;;;;;;;;
"3;1";Dirt (No Grass);1;;$0,00;;;Comments;;;;;;;
"3;2";Podzol;1;;$0,00;;;"""Obtainable""";Price of Your choice. Most of them needed for caltulating. Silk Touch not included.;;;;;;
4;Cobblestone;1;$0,25;$0,27;;;"""Craftable""";Prices of these are calculated.;;;;;;
5;Oak Wood Planks;1;$0,54;$0,60;1,5;;"Not ""Craftable""";"Not ""craftable"", still somebody can make use of them, so I included them. Choose a price.";;;;;;
"5;1";Spruce Wood Planks;1;$0,54;$0,60;1,5;;;;;;;;;
"5;2";Birch Wood Planks;1;$0,54;$0,60;1,5;;Sell Profit;Money added to price, for time, work etc. May be 0.;;;;;;
"5;3";Jungle Wood Planks;1;$0,54;$0,60;1,5;;System;Use only this option, if You are planning to create kind of market. % added to all Sell Prices.;;;;;;
"5;4";Acacia Wood Planks;1;$0,54;$0,60;1,5;;;;;;;;;
"5;5";Dark Oak Wood Planks;1;$0,54;$0,60;1,5;;Collector;Use this and next option if You want to create player shops system like chests. % added to Sell Prices of green items.;;;;;;
6;Oak Sapling;1;$0,25;$0,27;0,75;;;;;;;;;
"6;1";Spruce Sapling;1;$0,25;$0,27;0,75;;Crafter;% added to Sell Prices of yellow items.;;;;;;
"6;2";Birch Sapling;1;$0,25;$0,27;0,75;;Description;This sheet will calculate most of prices, basing on materials costs and profits for seller. Below You`ll find 2 links to new sheets. Check them out!;;;;;;
"6;3";Jungle Sapling;1;$0,25;$0,27;0,75;;;;;;;;;
"6;4";Acacia Sapling;1;;$0,00;0,75;;How to use;"Type in prices for 1 item for green cells in ""Production Cost"" and quantity of yellow items. Choose basic type of wood and furnace fuel. If You want, You can also type prices for red items, however they are not needed. Also, You can play with Sell Profit.";;;;;;
"6;5";Dark Oak Sapling;1;;$0,00;0,75;;;;;;;;;
7;Bedrock;;;;;;;;;;;;;
8;Water (No Spread);;;;;;Which prices You need;This info You`ll find in cells comments.;;;;;;
9;Water;;;;;;Version;1.1;;;;;;
10;Lava (No Spread);;;;;;For MC;1.7.10 (14w32d) ;;;;;;
11;Lava;;;;;;Published;13th August 2014;;;;;;
12;Sand;1;$0,25;$0,27;;;Is Your MEM up to date?;Check MEM version info;;;;;;
"12;1";Red Sand;1;$0,25;$0,27;;;or?;Stay informed - like MEM on Facebook!;;;;;;
13;Gravel;1;$0,25;$0,27;;;Made by;Vagrant326, Jerry/(JiFProductions);;;;;;
14;Gold Ore;1;$250,00;$267,75;;;Copyright;JiFProductions (2009-2014);;;;;;
15;Iron Ore;1;$75,00;$80,33;;;Contact us!;jifproductions2009@gmail.com;;;;;;
16;Coal Ore;1;$10,00;$10,71;;;;For help, bugs found, propositions and everything needed.;;;;;;
17;Oak Wood;1;$2,00;$2,14;1,5;;Show us Your gratitude! or...;http://adf.ly/1396056/thanks;;Just watch an ad! Completely free!;;;;
"17;1";Spruce Wood;1;$2,00;$2,14;1,5;;;;;donate by PayPal;;;;
"17;2";Birch Wood;1;$2,00;$2,14;1,5;;Help us improve MEM;Fill this survey and tell us what You think about MEM:;;;;;;
"17;3";Jungle Wood;1;$2,00;$2,14;1,5;;;Google Docs Survey Link;;;;;;
"17;4";Acacia Wood;;;;1,5;;Usage policy;Using this sheet You agree 3 terms:;;;;;;
"17;5";Dark Oak Wood;;;;1,5;;1.;Don`t copy or modify this sheet without our permission.;;;;;;
18;Oak Leaves;1;$0,10;$0,11;;;2.;We are not responsible for any damage done while using this sheet, however it was scanned with ESET Nod32 and Microsoft Security Essentials actual for 3.02.2013.;;;;;;
"18;1";Spruce Leaves;1;$0,10;$0,11;;;;;;;;;;
"18;2";Birch Leaves;1;$0,10;$0,11;;;3.;If You want to share this sheet, remember to use our link - ;;;;;;
"18;3";Jungle Leaves;1;$0,10;$0,11;;;;http://adf.ly/1396056/mem;;;;;;
"18;4";Acacia Leaves;;;;;;;;;;;;;
"18;5";Dark Oak Leaves;;;;;;;;;;;;;
19;Sponge;1;$42 840,20;$48 066,70;;;;;;;;;;
"19;1";Wet Sponge;1;$40 000,00;$42 840,00;;;;;;;;;;
20;Glass;1;$0,47;$0,52;;;;;;;;;;
21;Lapis Lazuli Ore;1;$75,00;$80,33;;;;;;;;;;
22;Lapis Lazuli Block;1;$75,67;$84,90;;;;;;;;;;
23;Dispenser;1;$20,05;$22,50;;;;;;;;;;
24;Sandstone;1;$1,07;$1,20;;;;;;;;;;
"24;1";Chiseled Sandstone;1;$1,35;$1,51;;;;;;;;;;
"24;2";Smooth Sandstone;1;$1,20;$1,35;;;;;;;;;;
25;Note Block;1;$12,84;$14,41;1,5;;;;;;;;;
26;Bed (Block);;;;;;;;;;;;;
27;Powered Rail;1;$302,03;$338,88;;;;;;;;;;
28;Detector Rail;1;$91,88;$103,09;;;;;;;;;;
29;Sticky Piston;1;$167,16;$187,55;;;;;;;;;;
30;Cobweb;1;$25,00;$26,78;;;;;;;;;;
31;Tall Grass (Dead Shrub);;;;;;;;;;;;;
"31;1";Tall Grass;;;;;;;;;;;;;
"31;2";Tall Grass (Fern);;;;;;;;;;;;;
32;Dead Bush;;;;;;;;;;;;;
33;Piston;1;$101,26;$113,61;;;;;;;;;;
34;Piston (Head);;;;;;;;;;;;;
35;Wool;1;$3,25;$3,48;;;;;;;;;;
"35;1";Orange Wool;1;$6,51;$7,31;;;;;;;;;;
"35;2";Magenta Wool;1;$8,46;$9,49;;;;;;;;;;
"35;3";Light Blue Wool;1;$8,98;$10,08;;;;;;;;;;
"35;4";Yellow Wool;1;$5,88;$6,60;;;;;;;;;;
"35;5";Lime Wool;1;$7,76;$8,71;;;;;;;;;;
"35;6";Pink Wool;1;$5,95;$6,68;;;;;;;;;;
"35;7";Gray Wool;1;$7,27;$8,16;;;;;;;;;;
"35;8";Light Gray Wool;1;$6,16;$6,91;;;;;;;;;;
"35;9";Cyan Wool;1;$11,69;$13,12;;;;;;;;;;
"35;10";Purple Wool;1;$9,88;$11,09;;;;;;;;;;
"35;11";Blue Wool;1;$11,89;$13,34;;;;;;;;;;
"35;12";Brown Wool;1;$6,16;$6,91;;;;;;;;;;
"35;13";Green Wool;1;$9,71;$10,90;;;;;;;;;;
"35;14";Red Wool;1;$6,48;$7,28;;;;;;;;;;
"35;15";Black Wool;1;$8,84;$9,91;;;;;;;;;;
36;Piston Moving Piece;;;;;;;;;;;;;
37;Dandelion;1;$4,00;$4,28;;;;;;;;;;
38;Poppy;1;$5,00;$5,36;;;;;;;;;;
"38;1";Blue Orchid;1;$5,00;$5,36;;;;;;;;;;
"38;2";Allium;1;$5,00;$5,36;;;;;;;;;;
"38;3";Azure Bluet;1;$5,00;$5,36;;;;;;;;;;
"38;4";Red Tulip;1;$5,00;$5,36;;;;;;;;;;
"38;5";Orange Tulip;1;$5,00;$5,36;;;;;;;;;;
"38;6";White Tulip;1;$5,00;$5,36;;;;;;;;;;
"38;7";Pink Tulip;1;$5,00;$5,36;;;;;;;;;;
"38;8";Oxeye Daisy;1;$5,00;$5,36;;;;;;;;;;
39;Mushroom (Brown);1;$4,00;$4,28;;;;;;;;;;
40;Mushroom (Red);1;$5,00;$5,36;;;;;;;;;;
41;Block of Gold;1;$2 705,76;$3 035,86;;;;;;;;;;
42;Block of Iron;1;$813,14;$912,34;;;;;;;;;;
43;Stone Slab (Double);;;;;;;;;;;;;
"43;1";Sandstone Slab (Double);;;;;;;;;;;;;
"43;2";Wooden Slab (Double);;;;;;;;;;;;;
"43;3";Cobblestone Slab (Double);;;;;;;;;;;;;
"43;4";Bricks Slab (Double);;;;;;;;;;;;;
"43;5";Stone Bricks Slab (Double);;;;;;;;;;;;;
"43;6";Nether Brick Slab (Double);;;;;;;;;;;;;
"43;7";Quartz Slab (Double);;;;;;;;;;;;;
"43;8";Stone Slab (Double, Smooth);;;;;;;;;;;;;
"43;9";Stone Slab (Double, Smooth, Sandstone);;;;;;;;;;;;;
44;Stone Slab;1;$0,26;$0,29;;;;;;;;;;
"44;1";Sandstone Slab;1;$0,60;$0,67;;;;;;;;;;
"44;2";Wooden Slab;;;;;;;;;;;;;
"44;3";Cobblestone Slab;1;$0,13;$0,15;;;;;;;;;;
"44;4";Bricks Slab;1;$7,24;$8,13;;;;;;;;;;
"44;5";Stone Bricks Slab;1;$0,29;$0,33;;;;;;;;;;
"44;6";Nether Brick Slab;1;$0,77;$0,87;;;;;;;;;;
"44;7";Quartz Slab;1;$42,06;$47,19;;;;;;;;;;
45;Bricks (Block);1;$12,91;$14,49;;;;;;;;;;
46;TNT;1;$134,95;$151,41;;;;;;;;;;
47;Bookshelf;1;$94,26;$105,76;1,5;;;;;;;;;
48;Moss Stone;1;$1,34;$1,50;;;;;;;;;;
49;Obsidian;1;$80,00;$85,68;;;;;;;;;;
50;Torch;1;$1,96;$2,20;;;;;;;;;;
51;Fire;;;;;;;;;;;;;
52;Mob Spawner;;;;;;;;;;;;;
53;Oak Wood Stairs;1;$0,90;$1,01;1,5;;;;;;;;;
54;Chest;1;$4,81;$5,39;1,5;;;;;;;;;
55;Redstone (Wire);;;;;;;;;;;;;
56;Diamond Ore;1;$600,00;$642,60;;;;;;;;;;
57;Block of Diamond;1;$4 048,38;$4 542,28;;;;;;;;;;
58;Crafting Table;1;$2,40;$2,70;1,5;;;;;;;;;
59;Wheat (Crop);;;;;;;;;;;;;
60;Farmland;;;;;;;;;;;;;
61;Furnace;1;$2,14;$2,40;;;;;;;;;;
62;Furnace (Smelting);;;;;;;;;;;;;
63;Sign (Block);;;;;;;;;;;;;
64;Wooden Door (Block);;;;;;;;;;;;;
65;Ladder;1;$0,79;$0,88;;;;;;;;;;
66;Rail;1;$33,90;$38,04;;;;;;;;;;
67;Cobblestone Stairs;1;$0,40;$0,45;;;;;;;;;;
68;Sign (Wall Block);;;;;;;;;;;;;
69;Lever;1;$0,60;$0,68;;;;;;;;;;
70;Pressure Plate (Stone);1;$1,05;$1,18;;;;;;;;;;
71;Iron Door (Block);;;;;;;;;;;;;
72;Pressure Plate (Wooden);1;$1,20;$1,35;1,5;;;;;;;;;
73;Redstone Ore;1;$50,00;$53,55;;;;;;;;;;
74;Redstone Ore (Glowing);;;;;;;;;;;;;
75;Redstone Torch (Off);;;;;;;;;;;;;
76;Redstone Torch;1;$8,37;$9,39;;;;;;;;;;
77;Button (Stone);1;$1,05;$1,18;;;;;;;;;;
78;Snow;;;;;;;;;;;;;
79;Ice;1;$5,00;$5,36;;;;;;;;;;
80;Snow (Block);1;$0,21;$0,24;;;;;;;;;;
81;Cactus;1;$5,00;$5,36;;;;;;;;;;
82;Clay (Block);1;$10,71;$12,02;;;;;;;;;;
83;Sugar Cane (Block);;;;;;;;;;;;;
84;Jukebox;1;$454,63;$510,09;1,5;;Pre-1.8 Fence Recipe:;;;;;;;
85;Oak Fence;1;$1,48;$1,66;1,5;;$1,01;;;;;;;
86;Pumpkin;1;$4,00;$4,28;;;Will be deleted after MC release.;;;;;;;
87;Netherrack;1;$0,10;$0,11;;;;;;;;;;
88;Soul Sand;1;$2,50;$2,68;;;;;;;;;;
89;Glowstone;1;$2,14;$2,40;;;;;;;;;;
90;Portal;;;;;;;;;;;;;
91;Jack o`Lantern;1;$6,48;$7,27;;;;;;;;;;
92;Cake (Block);;;;;;;;;;;;;
93;Redstone Repeater (Block Off);;;;;;;;;;;;;
94;Redstone Repeater (Block On);;;;;;;;;;;;;
95;White Stained Glass;1;$0,70;$0,79;;;;;;;;;;
"95;1";Orange Stained Glass;1;$0,90;$1,01;;;;;;;;;;
"95;2";Magenta Stained Glass;1;$1,15;$1,29;;;;;;;;;;
"95;3";Light Blue Stained Glass;1;$1,21;$1,36;;;;;;;;;;
"95;4";Yellow Stained Glass;1;$0,83;$0,93;;;;;;;;;;
"95;5";Lime Stained Glass;1;$1,06;$1,19;;;;;;;;;;
"95;6";Pink Stained Glass;1;$0,83;$0,94;;;;;;;;;;
"95;7";Gray Stained Glass;1;$1,00;$1,12;;;;;;;;;;
"95;8";Light Gray Stained Glass;1;$0,86;$0,96;;;;;;;;;;
"95;9";Cyan Stained Glass;1;$1,55;$1,74;;;;;;;;;;
"95;10";Purple Stained Glass;1;$1,33;$1,49;;;;;;;;;;
"95;11";Blue Stained Glass;1;$1,58;$1,77;;;;;;;;;;
"95;12";Brown Stained Glass;1;$0,86;$0,96;;;;;;;;;;
"95;13";Green Stained Glass;1;$1,30;$1,46;;;;;;;;;;
"95;14";Red Stained Glass;1;$0,90;$1,01;;;;;;;;;;
"95;15";Black Stained Glass;1;$1,19;$1,34;;;;;;;;;;
96;Wooden Trapdoor;1;$1,80;$2,02;1,5;;;;;;;;;
97;Stone Monster Egg;;;;;;;;;;;;;
"97;1";Cobblestone Monster Egg;;;;;;;;;;;;;
"97;2";Stone Brick Monster Egg;;;;;;;;;;;;;
"97;3";Mossy Stone Brick Monster Egg;;;;;;;;;;;;;
"97;4";Cracked Stone Monster Egg;;;;;;;;;;;;;
"97;5";Chiseled Stone Monster Egg;;;;;;;;;;;;;
98;Stone Bricks;1;$0,52;$0,59;;;;;;;;;;
"98;1";Mossy Stone Bricks;1;$1,66;$1,86;;;;;;;;;;
"98;2";Cracked Stone Bricks;1;$0,79;$0,89;;;;;;;;;;
"98;3";Chiseled Stone Brick;1;$0,66;$0,74;;;;;;;;;;
99;Mushroom (Brown, Block);1;;$0,00;;;;;;;;;;
100;Mushroom (Red, Block);1;;$0,00;;;;;;;;;;
101;Iron Bars;1;$33,88;$38,01;;;;;;;;;;
102;Glass Pane;1;$0,20;$0,22;;;;;;;;;;
103;Melon (Block);1;$14,46;$16,22;;;;;;;;;;
104;Pumpkin Vine;;;;;;;;;;;;;
105;Melon Vine;;;;;;;;;;;;;
106;Vines;1;$1,00;$1,07;;;;;;;;;;
107;Fence Gate;1;$2,55;$2,86;1,5;;;;;;;;;
108;Brick Stairs;1;$21,73;$24,39;;;;;;;;;;
109;Stone Brick Stairs;1;$0,88;$0,99;;;;;;;;;;
110;Mycelium;1;$10,00;$10,71;;;;;;;;;;
111;Lily Pad;1;$10,00;$10,71;;;;;;;;;;
112;Nether Brick (Block);1;$1,38;$1,55;;;;;;;;;;
113;Nether Brick Fence;1;$2,32;$2,60;;;;;;;;;;
114;Nether Brick Stairs;1;$2,32;$2,60;;;;;;;;;;
115;Nether Wart;;;;;;;;;;;;;
116;Enchantment Table;1;$1 272,58;$1 427,83;;;;;;;;;;
117;Brewing Stand (Block);;;;;;;;;;;;;
118;Cauldron (Block);;;;;;;;;;;;;
119;End Portal;;;;;;;;;;;;;
120;End Portal Frame;;;;;;;;;;;;;
121;End Stone;1;$1,00;$1,07;;;;;;;;;;
122;Dragon Egg;1;$1 000 000,00;$1 071 000,00;;;;;;;;;;
123;Redstone Lamp;1;$34,53;$38,75;;;;;;;;;;
124;Redstone Lamp (On);;;;;;;;;;;;;
125;Oak Wood Slab (Double);;;;;;;;;;;;;
"125;1";Spruce Wood Slab (Double);;;;;;;;;;;;;
"125;2";Birch Wood Slab (Double);;;;;;;;;;;;;
"125;3";Jungle Wood Slab (Double);;;;;;;;;;;;;
"125;4";Acacia Wood Slab (Double);;;;;;;;;;;;;
"125;5";Dark Oak Wood Slab (Double);;;;;;;;;;;;;
126;Oak Wood Slab;1;$0,30;$0,34;0,75;;;;;;;;;
"126;1";Spruce Wood Slab;1;$0,30;$0,34;0,75;;;;;;;;;
"126;2";Birch Wood Slab;1;$0,30;$0,34;0,75;;;;;;;;;
"126;3";Jungle Wood Slab;1;$0,30;$0,34;0,75;;;;;;;;;
"126;4";Acacia Wood Slab;1;$0,30;$0,34;0,75;;;;;;;;;
"126;5";Dark Oak Wood Slab;1;$0,30;$0,34;0,75;;;;;;;;;
127;Cocoa Plant;;;;;;;;;;;;;
128;Sandstone Stairs;1;$0,40;$0,45;;;;;;;;;;
129;Emerald Ore;1;$900,00;$963,90;;;;;;;;;;
130;Ender Chest;1;$1 544,27;$1 732,67;;;;;;;;;;
131;Tripwire Hook;1;$45,64;$51,21;;;;;;;;;;
132;Tripwire;;;;;;;;;;;;;
133;Block of Emerald;1;$6 072,57;$6 813,42;;;;;;;;;;
134;Spruce Wood Stairs;1;$0,90;$1,01;1,5;;;;;;;;;
135;Birch Wood Stairs;1;$0,90;$1,01;1,5;;;;;;;;;
136;Jungle Wood Stairs;1;$0,90;$1,01;1,5;;;;;;;;;
137;Command Block;;;;;;;;;;;;;
138;Beacon;1;$32 389,66;$36 341,20;;;;;;;;;;
139;Cobblestone Wall;1;$0,27;$0,30;;;;;;;;;;
"139;1";Mossy Cobblestone Wall;1;$1,50;$1,69;;;;;;;;;;
140;Flower Pot (Block);;;;;;;;;;;;;
141;Carrot (Crop);;;;;;;;;;;;;
142;Potatoes (Crop);;;;;;;;;;;;;
143;Button (Wood);1;$0,60;$0,67;;;;;;;;;;
144;Skeleton Skull (Block);;;;;;;;;;;;;
"144;1";Wither Skeleton Skull (Block);;;;;;;;;;;;;
"144;2";Zombie Head;;;;;;;;;;;;;
"144;3";Head (Block);;;;;;;;;;;;;
"144;4";Creeper Head (Block);;;;;;;;;;;;;
145;Anvil;1;$3 098,43;$3 476,44;;;;;;;;;;
"145;1";Slightly Damaged Anvil;1;$1 549,22;$1 738,22;50%;;;;;;;;;
"145;2";Very Damaged Anvil;1;$774,61;$869,11;25%;;;;;;;;;
146;Trapped Chest;1;$56,61;$63,51;1,5;;;;;;;;;
147;Weighted Pressure Plate (Light);1;$601,28;$674,64;;;;;;;;;;
148;Weighted Pressure Plate (Heavy);1;$180,70;$202,74;;;;;;;;;;
149;Redstone Comparator (Off);;;;;;;;;;;;;
150;Redstone Comparator (On);;;;;;;;;;;;;
151;Daylight Sensor;1;$58,81;$65,99;1,5;;;;;;;;;
152;Block of Redstone;1;$72,29;$81,11;;;;;;;;;;
153;Nether Quartz Ore;1;$35,00;$37,49;;;;;;;;;;
154;Hopper;1;$457,14;$512,91;;;;;;;;;;
155;Block of Quartz;1;$74,97;$84,12;;;;;;;;;;
"155;1";Chiseled Quartz Block;1;$94,38;$105,89;;;;;;;;;;
"155;2";Pillar Quartz Block;1;$84,12;$94,38;;;;;;;;;;
156;Quartz Stairs;1;$126,17;$141,57;;;;;;;;;;
157;Activator Rail;1;$92,03;$103,25;;;;;;;;;;
158;Dropper;1;$1,87;$2,10;;;;;;;;;;
159;White Stained Clay;1;$13,91;$15,60;;;;;;;;;;
"159;1";Orange Stained Clay;1;$13,91;$15,60;;;;;;;;;;
"159;2";Magenta Stained Clay;1;$13,91;$15,60;;;;;;;;;;
"159;3";Light Blue Stained Clay;1;$39,05;$43,81;;;;;;;;;;
"159;4";Yellow Stained Clay;1;$14,01;$15,72;;;;;;;;;;
"159;5";Lime Stained Clay;1;$14,98;$16,81;;;;;;;;;;
"159;6";Pink Stained Clay;1;$17,69;$19,85;;;;;;;;;;
"159;7";Gray Stained Clay;1;$15,42;$17,31;;;;;;;;;;
"159;8";Light Gray Stained Clay;1;$143,75;$161,29;;;;;;;;;;
"159;9";Cyan Stained Clay;1;$14,38;$16,14;;;;;;;;;;
"159;10";Purple Stained Clay;1;$14,18;$15,91;;;;;;;;;;
"159;11";Blue Stained Clay;1;$13,88;$15,58;;;;;;;;;;
"159;12";Brown Stained Clay;1;$14,09;$15,80;;;;;;;;;;
"159;13";Green Stained Clay;1;$14,33;$16,08;;;;;;;;;;
"159;14";Red Stained Clay;1;$14,39;$16,15;;;;;;;;;;
"159;15";Black Stained Clay;1;$14,01;$15,72;;;;;;;;;;
160;White Stained Glass Pane;1;$0,29;$0,33;;;;;;;;;;
"160;1";Orange Stained Glass Pane;1;$0,38;$0,43;;;;;;;;;;
"160;2";Magenta Stained Glass Pane;1;$0,48;$0,54;;;;;;;;;;
"160;3";Light Blue Stained Glass Pane;1;$0,51;$0,57;;;;;;;;;;
"160;4";Yellow Stained Glass Pane;1;$0,35;$0,39;;;;;;;;;;
"160;5";Lime Stained Glass Pane;1;$0,45;$0,50;;;;;;;;;;
"160;6";Pink Stained Glass Pane;1;$0,35;$0,39;;;;;;;;;;
"160;7";Gray Stained Glass Pane;1;$0,42;$0,47;;;;;;;;;;
"160;8";Light Gray Stained Glass Pane;1;$0,36;$0,41;;;;;;;;;;
"160;9";Cyan Stained Glass Pane;1;$0,65;$0,73;;;;;;;;;;
"160;10";Purple Stained Glass Pane;1;$0,56;$0,63;;;;;;;;;;
"160;11";Blue Stained Glass Pane;1;$0,66;$0,74;;;;;;;;;;
"160;12";Brown Stained Glass Pane;1;$0,36;$0,41;;;;;;;;;;
"160;13";Green Stained Glass Pane;1;$0,55;$0,62;;;;;;;;;;
"160;14";Red Stained Glass Pane;1;$0,38;$0,43;;;;;;;;;;
"160;15";Black Stained Glass Pane;1;$0,50;$0,56;;;;;;;;;;
161;Acacia Leaves;1;$0,10;$0,11;;;;;;;;;;
"161;1";Dark Oak Leaves;1;$0,10;$0,11;;;;;;;;;;
162;Acacia Wood;1;$2,00;$2,14;1,5;;;;;;;;;
"162;1";Dark Oak Wood;1;$2,00;$2,14;1,5;;;;;;;;;
163;Acacia Wood Stairs;1;$3,21;$3,60;;;;;;;;;;
164;Dark Oak Wood Stairs;1;$3,21;$3,60;;;;;;;;;;
165;Slime Block;1;$481,95;$540,75;;;;;;;;;;
166;Barrier;;;;;;;;;;;;;
167;Iron Trapdoor;1;$361,40;$405,49;;;;;;;;;;
168;Prismarine;1;$0,00;$0,00;;;;;;;;;;
"168;1";Prismarine Bricks;1;$0,00;$0,00;;;;;;;;;;
"168;2";Dark Prismarine;1;$5,36;$6,01;;;;;;;;;;
169;Sea Lantern;1;$0,00;$0,00;;;;;;;;;;
170;Hay Bale;1;$28,92;$32,44;;;;;;;;;;
171;Carpet (White);1;$6,96;$7,81;;;;;;;;;;
"171;1";Orange Carpet;1;$14,62;$16,40;;;;;;;;;;
"171;2";Magenta Carpet;1;$18,98;$21,30;;;;;;;;;;
"171;3";Light Blue Carpet;1;$20,16;$22,62;;;;;;;;;;
"171;4";Yellow Carpet;1;$13,20;$14,81;;;;;;;;;;
"171;5";Lime Carpet;1;$17,42;$19,55;;;;;;;;;;
"171;6";Pink Carpet;1;$13,36;$14,99;;;;;;;;;;
"171;7";Gray Carpet;1;$16,32;$18,31;;;;;;;;;;
"171;8";Light Gray Carpet;1;$13,83;$15,52;;;;;;;;;;
"171;9";Cyan Carpet;1;$26,24;$29,44;;;;;;;;;;
"171;10";Purple Carpet;1;$22,18;$24,88;;;;;;;;;;
"171;11";Blue Carpet;1;$26,68;$29,93;;;;;;;;;;
"171;12";Brown Carpet;1;$13,82;$15,51;;;;;;;;;;
"171;13";Green Carpet;1;$21,80;$24,46;;;;;;;;;;
"171;14";Red Carpet;1;$14,55;$16,33;;;;;;;;;;
"171;15";Black Carpet;1;$19,83;$22,25;;;;;;;;;;
172;Hardened Clay;1;$12,22;$13,71;;;;;;;;;;
173;Block of Coal;1;$67,47;$75,70;;;;;;;;;;
174;Packed Ice;1;;$0,00;;;;;;;;;;
175;Sunflower;1;$5,00;$5,36;;;;;;;;;;
"175;1";Lilac;1;$5,00;$5,36;;;;;;;;;;
"175;2";Double Tallgrass;;;;;;;;;;;;;
"175;3";Large Fern;;;;;;;;;;;;;
"175;4";Rose Bush;1;$5,00;$5,36;;;;;;;;;;
"175;5";Peony;1;$5,00;$5,36;;;;;;;;;;
179;Red Sandstone;1;$1,07;$1,20;;;;;;;;;;
"179;1";Red Chiseled Sandstone;1;$1,51;$1,70;;;;;;;;;;
"179;2";Red Smooth Sandstone;1;$1,20;$1,35;;;;;;;;;;
181;Red Sandstone Slab (Double);;;;;;;;;;;;;
182;Red Sandstone Slab;1;$0,67;$0,76;;;;;;;;;;
188;Spruce Fence;1;$1,48;$1,66;1,5;;;;;;;;;
189;Birch Fence;1;$1,48;$1,66;1,5;;;;;;;;;
190;Jungle Fence;1;$1,48;$1,66;1,5;;;;;;;;;
191;Dark Oak Fence;1;$1,48;$1,66;1,5;;;;;;;;;
192;Acacia Fence;1;$1,48;$1,66;1,5;;;;;;;;;
256;Iron Shovel;1;$91,02;$102,13;;;;;;;;;;
257;Iron Pickaxe;1;$271,72;$304,87;;;;;;;;;;
258;Iron Axe;1;$271,72;$304,87;;;;;;;;;;
259;Flint and Steel;1;$91,42;$102,57;;;;;;;;;;
260;Apple;1;$130,00;$139,23;;;;;;;;;;
261;Bow;1;$9,04;$10,15;1;;;;;;;;;
262;Arrow;1;$1,69;$1,90;;;;;;;;;;
263;Coal;1;$7,00;$7,50;8;;;;;;;;;
"263;1";Charcoal;1;$2,34;$2,63;8;;;;;;;;;
264;Diamond Gem;1;$420,00;$449,82;;;;;;;;;;
265;Iron Ingot;1;$80,53;$90,35;;;;;;;;;;
266;Gold Ingot;1;$267,95;$300,64;;;;;;;;;;
267;Iron Sword;1;$181,04;$203,12;;;;;;;;;;
268;Wooden Sword;1;$1,54;$1,73;1;;;;;;;;;
269;Wooden Shovel;1;$1,27;$1,43;1;;;;;;;;;
270;Wooden Pickaxe;1;$2,48;$2,78;1;;;;;;;;;
271;Wooden Axe;1;$2,48;$2,78;1;;;;;;;;;
272;Stone Sword;1;$0,87;$0,98;;;;;;;;;;
273;Stone Shovel;1;$0,94;$1,06;;;;;;;;;;
274;Stone Pickaxe;1;$1,48;$1,66;;;;;;;;;;
275;Stone Axe;1;$1,48;$1,66;;;;;;;;;;
276;Diamond Sword;1;$899,98;$1 009,77;;;;;;;;;;
277;Diamond Shovel;1;$450,49;$505,45;;;;;;;;;;
278;Diamond Pickaxe;1;$1 350,13;$1 514,85;;;;;;;;;;
279;Diamond Axe;1;$1 350,13;$1 514,85;;;;;;;;;;
280;Stick;1;$0,30;$0,34;0,5;;;;;;;;;
281;Bowl;1;$0,45;$0,51;;;;;;;;;;
282;Mushroom Stew;1;$10,14;$11,38;;;;;;;;;;
283;Golden Sword;1;$601,62;$675,01;;;;;;;;;;
284;Golden Shovel;1;$301,31;$338,07;;;;;;;;;;
285;Golden Pickaxe;1;$902,59;$1 012,71;;;;;;;;;;
286;Golden Axe;1;$902,59;$1 012,71;;;;;;;;;;
287;String;1;$2,50;$2,68;;;;;;;;;;
288;Feather;1;$5,00;$5,36;;;;;;;;;;
289;Gunpowder;1;$25,00;$26,78;;;;;;;;;;
290;Wooden Hoe;1;$1,88;$2,10;;;;;;;;;;
291;Stone Hoe;1;$1,21;$1,36;;;;;;;;;;
292;Iron Hoe;1;$181,37;$203,50;;;;;;;;;;
293;Diamond Hoe;1;$900,31;$1 010,15;;;;;;;;;;
294;Golden Hoe;1;$601,95;$675,39;;;;;;;;;;
295;Seeds (Wheat);1;$0,25;$0,27;;;;;;;;;;
296;Wheat;1;$3,00;$3,21;;;;;;;;;;
297;Bread;1;$9,64;$10,81;;;;;;;;;;
298;Leather Helmet;1;$53,55;$60,08;Leather Dyeing Sheet <CLICK>;;;;;;;;;
299;Leather Chestplate;1;$85,68;$96,13;;;;;;;;;;
300;Leather Leggings;1;$74,97;$84,12;;;;;;;;;;
301;Leather Boots;1;$42,84;$48,07;;;;;;;;;;
302;Chain Helmet;1;;;;;;;;;;;;
303;Chain Chestplate;1;;;;;;;;;;;;
304;Chain Leggings;1;;;;;;;;;;;;
305;Chain Boots;1;;;;;;;;;;;;
306;Iron Helmet;1;$451,75;$506,86;;;;;;;;;;
307;Iron Chestplate;1;$722,79;$810,97;;;;;;;;;;
308;Iron Leggings;1;$632,44;$709,60;;;;;;;;;;
309;Iron Boots;1;$361,40;$405,49;;;;;;;;;;
310;Diamond Helmet;1;$2 249,10;$2 523,49;;;;;;;;;;
311;Diamond Chestplate;1;$3 598,56;$4 037,58;;;;;;;;;;
312;Diamond Leggings;1;$3 148,74;$3 532,89;;;;;;;;;;
313;Diamond Boots;1;$1 799,28;$2 018,79;;;;;;;;;;
314;Golden Helmet;1;$1 503,20;$1 686,59;;;;;;;;;;
315;Golden Chestplate;1;$2 405,12;$2 698,54;;;;;;;;;;
316;Golden Leggings;1;$2 104,48;$2 361,23;;;;;;;;;;
317;Golden Boots;1;$1 202,56;$1 349,27;;;;;;;;;;
318;Flint;1;$1,00;$1,07;;;;;;;;;;
319;Raw Porkchop;1;$5,00;$5,36;;;;;;;;;;
320;Cooked Porkchop;1;$5,56;$6,23;;;;;;;;;;
321;Painting;1;$6,18;$6,93;;;;;;;;;;
322;Gold Apple;1;$439,07;$492,63;;;;;;;;;;
"322;1";Enchanted Golden Apple;1;$24 426,12;$27 406,11;;;;;;;;;;
323;Sign;1;$1,31;$1,47;;;Pre-1.8 Door Recipe:;;;;;;;
324;Wooden Door;1;$1,20;$1,35;;;$3,60;;;;;;;
325;Bucket;1;$271,05;$304,11;;;Will be deleted after MC release.;;;;;;;
326;Water Bucket;1;$276,05;$295,65;;;;;;;;;;
327;Lava Bucket;1;;$0,00;100;;;;;;;;;
328;Minecart;1;$451,75;$506,86;;;;;;;;;;
329;Saddle;1;$125,00;$133,88;;;Pre-1.8 Iron Door Recipe:;;;;;;;
330;Iron Door;1;$180,70;$202,74;;;$542,09;;;;;;;
331;Redstone (Dust);1;$7,50;$8,03;;;Will be deleted after MC release.;;;;;;;
332;Snowball;1;$0,05;$0,05;;;;;;;;;;
333;Boat;1;$3,00;$3,37;;;;;;;;;;
334;Leather;1;$10,00;$10,71;;;;;;;;;;
335;Milk (Bucket);1;$281,05;$301,00;;;;;;;;;;
336;Brick (Item);1;$2,88;$3,23;;;;;;;;;;
337;Clay (Item);1;$2,50;$2,68;;;;;;;;;;
338;Sugar Canes (Item);1;$4,50;$4,82;;;;;;;;;;
339;Paper;1;$4,82;$5,41;;;;;;;;;;
340;Book;1;$26,93;$30,22;;;;;;;;;;
341;Slimeball;1;$50,00;$53,55;;;;;;;;;;
342;Minecart with Chest;1;$512,25;$574,75;;;;;;;;;;
343;Minecart with Furnace;1;$509,26;$571,39;;;;;;;;;;
344;Egg;1;$3,50;$3,75;;;;;;;;;;
345;Compass;1;$730,82;$819,99;;;;;;;;;;
346;Fishing Rod;1;$6,37;$7,14;;;;;;;;;;
347;Clock;1;$1 210,59;$1 358,28;;;;;;;;;;
348;Glowstone Dust;1;$0,50;$0,54;;;;;;;;;;
349;Raw Fish;1;$10,00;$10,71;;;;;;;;;;
"349;1";Raw Salmon;1;$12,00;$12,85;;;;;;;;;;
"349;2";Clownfish;1;$10,00;$10,71;;;;;;;;;;
"349;3";Pufferfish;1;$15,00;$16,07;;;;;;;;;;
350;Cooked Fish;1;$10,91;$12,24;;;;;;;;;;
"350;1";Cooked Salmon;1;$13,05;$14,64;;;;;;;;;;
351;Ink Sac;1;$5,00;$5,36;;;;;;;;;;
"351;1";Rose Red;1;$2,68;$3,00;;;;;;;;;;
"351;2";Cactus Green;1;$5,56;$6,23;;;;;;;;;;
"351;3";Cocoa Beans;1;$2,50;$2,68;;;;;;;;;;
"351;4";Lapis Lazuli;1;$7,85;$8,41;;;;;;;;;;
"351;5";Purple Dye;1;$5,71;$6,40;;;;;;;;;;
"351;6";Cyan Dye;1;$7,32;$8,21;;;;;;;;;;
"351;7";Light Gray Dye;1;$2,39;$2,68;;;;;;;;;;
"351;8";Gray Dye;1;$3,38;$3,79;;;;;;;;;;
"351;9";Pink Dye;1;$2,20;$2,47;;;;;;;;;;
"351;10";Lime Dye;1;$3,82;$4,28;;;;;;;;;;
"351;11";Dandelion Yellow;1;$2,14;$2,40;;;;;;;;;;
"351;12";Light Blue Dye;1;$4,90;$5,50;;;;;;;;;;
"351;13";Magenta Dye;1;$4,44;$4,98;;;;;;;;;;
"351;14";Orange Dye;1;$2,70;$3,03;;;;;;;;;;
"351;15";Bone Meal;1;$1,25;$1,40;;;;;;;;;;
352;Bone;1;$3,50;$3,75;;;;;;;;;;
353;Sugar;1;$4,82;$5,41;;;;;;;;;;
354;Cake;1;$927,21;$1 040,33;;;;;;;;;;
355;Bed;1;$12,24;$13,74;;;;;;;;;;
356;Redstone Repeater;1;$28,39;$31,85;;;;;;;;;;
357;Cookie;1;$9,10;$10,21;;;;;;;;;;
358;Map;;$300,00;;;;;;;;;;;
359;Shears;1;$180,70;$202,74;;;;;;;;;;
360;Melon (Slice);1;$1,50;$1,61;;;;;;;;;;
361;Pumpkin Seeds;1;$1,50;$1,61;;;;;;;;;;
362;Melon Seeds;1;$1,50;$1,61;;;;;;;;;;
363;Raw Beef;1;$5,50;$5,89;;;;;;;;;;
364;Steak;1;$6,09;$6,83;;;;;;;;;;
365;Raw Chicken;1;$3,50;$3,75;;;;;;;;;;
366;Cooked Chicken;1;$3,95;$4,43;;;;;;;;;;
367;Rotten Flesh;1;$0,10;$0,11;;;;;;;;;;
368;Ender Pearl;1;$75,00;$80,33;;;;;;;;;;
369;Blaze Rod;1;$75,00;$80,33;12;;;;;;;;;
370;Ghast Tear;1;$150,00;$160,65;;;;;;;;;;
371;Gold Nugget;1;$33,40;$37,48;;;;;;;;;;
372;Nether Wart (Seeds);1;$5,50;$5,89;;;;;;;;;;
373;Water Bottle;1;$0,59;$0,66;;;;;;;;;;
"373;16";Awkward Potion;1;$6,55;$7,35;;;;;;;;;;
"373;32";Thick Potion;1;$1,20;$1,34;;;;;;;;;;
"373;64";Mundane Potion;1;$8,69;$9,75;;;;;;;;;;
"373;8193";Potion of Regeneration (0:45);1;$168,00;$188,50;;;;;;;;;;
"373;8194";Potion of Swiftness (3:00);1;$12,76;$14,31;;;;;;;;;;
"373;8195";Potion of Fire Resistance (3:00);1;$44,23;$49,63;;;;;;;;;;
"373;8196";Potion of Poison (0:45);1;$12,97;$14,56;;;;;;;;;;
"373;8197";Potion of Healing;1;$51,21;$57,45;;;;;;;;;;
"373;8198";Potion of Night Vision (3:00);1;$346,77;$389,08;;;;;;;;;;
"373;8200";Potion of Weakness (1:30);1;$17,84;$20,02;;;;;;;;;;
"373;8201";Potion Strength (3:00);1;$52,41;$58,81;;;;;;;;;;
"373;8202";Potion of Slowness (1:30);1;$66,81;$74,96;;;;;;;;;;
"373;8203";Potion of Leaping (3:00);1;$2 016,17;$2 262,14;;;;;;;;;;
"373;8204";Potion of Harming;1;$31,74;$35,61;;;;;;;;;;
"373;8205";Potion of Water Breathing (3:00);1;$23,42;$26,27;;;;;;;;;;
"373;8206";Potion of Invisibility (3:00);1;$406,26;$455,83;;;;;;;;;;
"373;8225";Potion of Regeneration (II, 0:22);1;$189,03;$212,09;;;;;;;;;;
"373;8226";Potion of Swiftness (II, 1:30);1;$14,85;$16,66;;;;;;;;;;
"373;8228";Potion of Poison (II, 0:22);1;$15,09;$16,93;;;;;;;;;;
"373;8229";Potion of Healing (II);1;$57,99;$65,06;;;;;;;;;;
"373;8233";Potion of Strength (II, 1:30);1;$59,34;$66,58;;;;;;;;;;
"373;8235";Potion of Leaping (II, 1:30);1;$2 262,68;$2 538,73;;;;;;;;;;
"373;8236";Potion of Harming (II);1;$36,15;$40,56;;;;;;;;;;
"373;8257";Potion of Regeneration (2:00);1;$196,53;$220,51;;;;;;;;;;
"373;8258";Potion of Swiftness (8:00);1;$22,35;$25,07;;;;;;;;;;
"373;8259";Potion of Fire Resistance (8:00);1;$57,66;$64,69;;;;;;;;;;
"373;8260";Potion of Poison (2:00);1;$22,59;$25,34;;;;;;;;;;
"373;8262";Potion of Night Vision (8:00);1;$397,11;$445,56;;;;;;;;;;
"373;8264";Potion of Weakness (4:00);1;$26,94;$30,22;;;;;;;;;;
"373;8265";Potion of Strength (8:00);1;$66,84;$74,99;;;;;;;;;;
"373;8266";Potion of Slowness (4:00);1;$81,88;$91,87;;;;;;;;;;
"373;8269";Potion of Water Breathing (8:00);1;$34,30;$38,49;;;;;;;;;;
"373;8270";Potion of Invisibility (8:00);1;$463,86;$520,45;;;;;;;;;;
"373;8289";Potion of Regeneration (II, 1:00);;;;;;;;;;;;;
"373;8290";Potion of Swiftness (II, 4:00);;;;;;;;;;;;;
"373;8292";Potion of Poison (II, 1:00);;;;;;;;;;;;;
"373;8297";Potion of Strength (II, 4:00);;;;;;;;;;;;;
"373;16385";Splash Potion of Regeneration (0:33);1;$215,27;$241,53;;;;;;;;;;
"373;16386";Splash Potion of Swiftness (2:15);1;$41,09;$46,10;;;;;;;;;;
"373;16387";Splash Potion of Fire Resistance (2:15);1;$76,40;$85,72;;;;;;;;;;
"373;16388";Splash Potion of Poison (0:33);1;$41,33;$46,37;;;;;;;;;;
"373;16389";Splash Potion of Healing;1;$84,23;$94,50;;;;;;;;;;
"373;16390";Splash Potion of Night Vision (2:15);1;$415,85;$466,59;;;;;;;;;;
"373;16392";Splash Potion of Weakness (1:07);1;$46,80;$52,50;;;;;;;;;;
"373;16393";Splash Potion of Strength (2:15);1;$85,58;$96,02;;;;;;;;;;
"373;16394";Splash Potion of Slowness (1:07);1;$101,74;$114,15;;;;;;;;;;
"373;16395";Splash Potion of Leaping (2:15);1;$2 288,92;$2 568,17;;;;;;;;;;
"373;16396";Splash Potion of Harming;1;$62,39;$70,00;;;;;;;;;;
"373;16397";Splash Potion of Water Breathing (2:15);1;$53,05;$59,52;;;;;;;;;;
"373;16398";Splash Potion of Invisibility (2:15);1;$482,60;$541,48;;;;;;;;;;
"373;16417";Splash Potion of Regeneration (II, 0:16);1;$238,87;$268,01;;;;;;;;;;
"373;16418";Splash Potion of Swiftness (II, 1:07);1;$43,44;$48,74;;;;;;;;;;
"373;16420";Splash Potion of Poison (II, 0:16);1;$43,71;$49,04;;;;;;;;;;
"373;16421";Splash Potion of Healing (II);1;$91,84;$103,04;;;;;;;;;;
"373;16425";Splash Potion of Strength (II, 1:07);1;$93,36;$104,75;;;;;;;;;;
"373;16427";Splash Potion of Leaping (II, 1:07);1;$2 565,50;$2 878,49;;;;;;;;;;
"373;16428";Splash Potion of Harming (II);1;$67,33;$75,55;;;;;;;;;;
"373;16449";Splash Potion of Regeneration (1:30);1;$247,28;$277,45;;;;;;;;;;
"373;16450";Splash Potion of Swiftness (6:00);1;$51,85;$58,17;;;;;;;;;;
"373;16451";Splash Potion of Fire Resistance (6:00);1;$91,47;$102,63;;;;;;;;;;
"373;16452";Splash Potion of Poison (1:30);1;$52,12;$58,48;;;;;;;;;;
"373;16454";Splash Potion of Night Vision (6:00);1;$472,33;$529,96;;;;;;;;;;
"373;16456";Splash Potion of Weakness (3:00);1;$57,00;$63,95;;;;;;;;;;
"373;16457";Splash Potion of Strenght (6:00);1;$101,77;$114,18;;;;;;;;;;
"373;16458";Splash Potion of Slowness (3:00);1;$118,64;$133,12;;;;;;;;;;
"373;16461";Splash Potion of Water Breathing (6:00);1;$53,05;$59,52;;;;;;;;;;
"373;16462";Splash Potion of Invisibility (6:00);1;$547,22;$613,99;;;;;;;;;;
"373;16481";Splash Potion of Regeneration (II, 0:45);;;;;;;;;;;;;
"373;16482";Splash Potion of Swiftness (II, 3:00);;;;;;;;;;;;;
"373;16484";Splash Potion of Poison (II, 0:45);;;;;;;;;;;;;
"373;16489";Splash Potion of Strength (II, 3:00);;;;;;;;;;;;;
374;Glass Bottle;1;$0,52;$0,59;;;;;;;;;;
375;Spider Eye;1;$5,25;$5,62;;;;;;;;;;
376;Fermented Spider Eye;1;$15,31;$17,18;;;;;;;;;;
377;Blaze Powder;1;$40,16;$45,06;;;;;;;;;;
378;Magma Cream;1;$32,87;$36,88;;;;;;;;;;
379;Brewing Stand;1;$81,13;$91,03;;;;;;;;;;
380;Cauldron;1;$632,44;$709,60;;;;;;;;;;
381;Eye of Ender;1;$125,39;$140,68;;;;;;;;;;
382;Glistering Melon (Slice);1;$39,09;$43,85;;;;;;;;;;
"383;50";Spawn Creeper (Egg);;;;;;;;;;;;;
"383;51";Spawn Skeleton (Egg);;;;;;;;;;;;;
"383;52";Spawn Spider (Egg);;;;;;;;;;;;;
"383;54";Spawn Zombie (Egg);;;;;;;;;;;;;
"383;55";Spawn Slime (Egg);;;;;;;;;;;;;
"383;56";Spawn Ghast (Egg);;;;;;;;;;;;;
"383;57";Spawn Zombie Pigman (Egg);;;;;;;;;;;;;
"383;58";Spawn Enderman (Egg);;;;;;;;;;;;;
"383;59";Spawn Cave Spider (Egg);;;;;;;;;;;;;
"383;60";Spawn Silverfish (Egg);;;;;;;;;;;;;
"383;61";Spawn Blaze (Egg);;;;;;;;;;;;;
"383;62";Spawn Magma Cube (Egg);;;;;;;;;;;;;
"383;65";Spawn Bat (Egg);;;;;;;;;;;;;
"383;66";Spawn Witch (Egg);;;;;;;;;;;;;
"383;67";Spawn Endermite (Egg);;;;;;;;;;;;;
"383;68";Spawn Guardian (Egg);;;;;;;;;;;;;
"383;90";Spawn Pig (Egg);;;;;;;;;;;;;
"383;91";Spawn Sheep (Egg);;;;;;;;;;;;;
"383;92";Spawn Cow (Egg);;;;;;;;;;;;;
"383;93";Spawn Chicken (Egg);;;;;;;;;;;;;
"383;94";Spawn Squid (Egg);;;;;;;;;;;;;
"383;95";Spawn Wolf (Egg);;;;;;;;;;;;;
"383;96";Spawn Mooshroom (Egg);;;;;;;;;;;;;
"383;97";Spawn Ocelot (Egg);;;;;;;;;;;;;
"383;100";Spawn Horse (Egg);;;;;;;;;;;;;
"383;101";Spawn Rabbit (Egg);;;;;;;;;;;;;
"383;120";Spawn Villager (Egg);;;;;;;;;;;;;
384;Bottle o` Enchanting;;;;;;;;;;;;;
385;Fire Charge;1;$79,33;$89,01;;;;;;;;;;
386;Book and Quill;1;$40,93;$45,92;;;;;;;;;;
387;Written Book;;;$0,00;;;;;;;;;;
388;Emerald;1;$630,00;$674,73;;;;;;;;;;
389;Item Frame;1;$13,41;$15,04;;;;;;;;;;
390;Flower Pot (Item);1;$9,69;$10,87;;;;;;;;;;
391;Carrot;1;$2,50;$2,68;;;;;;;;;;
392;Potato;1;$2,50;$2,68;;;;;;;;;;
393;Baked Potato;1;$2,88;$3,23;;;;;;;;;;
394;Poisonous Potato;1;;$0,00;;;;;;;;;;
395;Empty Map;1;$863,25;$968,56;;;;;;;;;;
396;Golden Carrot;1;$302,52;$339,42;;;;;;;;;;
397;Head (Skeleton);;;;;;;;;;;;;
"397;1";Head (Wither);1;$10 000,00;$10 710,00;;;;;;;;;;
"397;2";Head (Zombie);;;;;;;;;;;;;
"397;3";Head (Steve);;;;;;;;;;;;;
"397;4";Head (Creeper);;;;;;;;;;;;;
398;Carrot on a Stick;1;$9,82;$11,02;;;;;;;;;;
399;Nether Star;1;$30 000,00;$32 130,00;;;;;;;;;;
400;Pumpkin Pie;1;$13,44;$15,08;;;;;;;;;;
401;Firework Rocket;;;;Fireworks Calculator Sheet <CLICK>;;;;;;;;;
402;Firework Star;;;;;;;;;;;;;
403;Enchanted Book;1;$1 335,00;;;;;;;;;;;
"403;0";Enchanted Book Protection;1;$1 335,00;$1 497,87;;;;;;;;;;
"403;1";Enchanted Book Fire protection;1;$1 335,00;$1 497,87;;;;;;;;;;
"403;2";Enchanted Book Fall protection;1;$1 335,00;$1 497,87;;;;;;;;;;
"403;3";Enchanted Book Explosions Protection;1;$1 335,00;$1 497,87;;;;;;;;;;
"403;4";Enchanted Book Projectile protection;1;$1 335,00;$1 497,87;;;;;;;;;;
"403;5";Enchanted Book Oxygen;1;$1 335,00;$1 497,87;;;;;;;;;;
"403;6";Enchanted Book Water worker;1;$1 335,00;$1 497,87;;;;;;;;;;
"403;7";Enchanted Book Thorns;1;$1 335,00;$1 497,87;;;;;;;;;;
"403;8";Enchanted Book Depth Strider;1;$1 335,00;$1 497,87;;;;;;;;;;
"403;16";Enchanted Book All damage;1;$1 335,00;$1 497,87;;;;;;;;;;
"403;17";Enchanted Book Undead damage;1;$1 335,00;$1 497,87;;;;;;;;;;
"403;18";Enchanted Book Arthropods damage;1;$1 335,00;$1 497,87;;;;;;;;;;
"403;19";Enchanted Book Knockback ;1;$1 335,00;$1 497,87;;;;;;;;;;
"403;20";Enchanted Book Fire aspect;1;$1 335,00;$1 497,87;;;;;;;;;;
"403;21";Enchanted Book Looting ;1;$1 335,00;$1 497,87;;;;;;;;;;
"403;32";Enchanted Book Efficiency ;1;$1 335,00;$1 497,87;;;;;;;;;;
"403;33";Enchanted Book Silk touch;1;$1 335,00;$1 497,87;;;;;;;;;;
"403;34";Enchanted Book Unbreaking;1;$1 335,00;$1 497,87;;;;;;;;;;
"403;35";Enchanted Book Fortune;1;$1 335,00;$1 497,87;;;;;;;;;;
"403;48";Enchanted Book Power;1;$1 335,00;$1 497,87;;;;;;;;;;
"403;49";Enchanted Book Punch;1;$1 335,00;$1 497,87;;;;;;;;;;
"403;50";Enchanted Book Flame;1;$1 335,00;$1 497,87;;;;;;;;;;
"403;51";Enchanted Book Infinity;1;$1 335,00;$1 497,87;;;;;;;;;;
"403;61";Enchanted Book Luck of the Sea;1;$1 335,00;$1 497,87;;;;;;;;;;
"403;62";Enchanted Book Lure;1;$1 335,00;$1 497,87;;;;;;;;;;
404;Redstone Comparator;1;$529,59;$594,20;;;;;;;;;;
405;Nether Brick (Item);1;$0,31;$0,34;;;;;;;;;;
406;Nether Quartz;1;$17,50;$18,74;;;;;;;;;;
407;Minecart with TNT;1;$658,27;$738,58;;;;;;;;;;
408;Minecart with Hopper;1;$1 019,77;$1 144,18;;;;;;;;;;
409;Prismarine Shard;1;;$0,00;;;;;;;;;;
410;Prismarine Crystals;1;;$0,00;;;;;;;;;;
411;Raw Rabbit;1;$5,00;$5,36;;;;;;;;;;
412;Cooked Rabbit;1;$5,56;$6,23;;;;;;;;;;
413;Rabbit Stew;1;$18,00;$20,20;;;;;;;;;;
414;Rabbit`s Foot;1;$7,50;$8,03;;;;;;;;;;
415;Rabbit Hide;1;;$0,00;;;;;;;;;;
416;Armor Stand;1;$2,17;$2,44;;;;;;;;;;
417;Iron Horse Armor;1;$563,68;$603,70;;;;;;;;;;
418;Gold Horse Armor;1;$1 875,65;$2 008,82;;;;;;;;;;
419;Diamond Horse Armor;1;$2 940,00;$3 148,74;;;;;;;;;;
420;Lead;1;$32,13;$36,05;;;;;;;;;;
421;Name Tag;1;$50,00;$53,55;;;;;;;;;;
422;Minecart with Command Block;;;;;;;;;;;;;
423;Raw Mutton;1;$5,00;$5,36;;;;;;;;;;
424;Cooked Mutton;1;$5,56;$6,23;;;;;;;;;;
425;Black Banner;1;$59,82;$67,12;1,5;;;;;;;;;
"425;1";Red Banner;1;$43,99;$49,36;1,5;;;;;;;;;
"425;2";Green Banner;1;$65,73;$73,75;1,5;;;;;;;;;
"425;3";Brown Banner;1;$41,79;$46,89;1,5;;;;;;;;;
"425;4";Blue Banner;1;$80,37;$90,17;1,5;;;;;;;;;
"425;5";Purple Banner;1;$66,87;$75,02;1,5;;;;;;;;;
"425;6";Cyan Banner;1;$79,06;$88,71;1,5;;;;;;;;;
"425;7";Light Gray Banner;1;$41,82;$46,93;1,5;;;;;;;;;
"425;8";Gray Banner;1;$49,29;$55,30;1,5;;;;;;;;;
"425;9";Pink Banner;1;$40,41;$45,34;1,5;;;;;;;;;
"425;10";Lime Banner;1;$52,60;$59,02;1,5;;;;;;;;;
"425;11";Yellow Banner;1;$39,95;$44,82;1,5;;;;;;;;;
"425;12";Light Blue Banner;1;$60,82;$68,24;1,5;;;;;;;;;
"425;13";Magenta Banner;1;$57,28;$64,27;1,5;;;;;;;;;
"425;14";Orange Banner;1;$44,19;$49,58;1,5;;;;;;;;;
"425;15";White Banner;1;$21,22;$23,81;1,5;;;;;;;;;
427;Spruce Door;1;$1,20;$1,35;;;;;;;;;;
428;Birch Door;1;$1,20;$1,35;;;;;;;;;;
429;Jungle Door;1;$1,20;$1,35;;;;;;;;;;
430;Acacia Door;1;$1,20;$1,35;;;;;;;;;;
431;Dark Oak Door;1;$1,20;$1,35;;;;;;;;;;
2256;Music Disk (13);1;;$0,00;;;;;;;;;;
2257;Music Disk (Cat);1;;$0,00;;;;;;;;;;
2258;Music Disk (Blocks);1;;$0,00;;;;;;;;;;
2259;Music Disk (Chirp);1;;$0,00;;;;;;;;;;
2260;Music Disk (Far);1;;$0,00;;;;;;;;;;
2261;Music Disk (Mall);1;;$0,00;;;;;;;;;;
2262;Music Disk (Mellohi);1;;$0,00;;;;;;;;;;
2263;Music Disk (Stal);1;;$0,00;;;;;;;;;;
2264;Music Disk (Strad);1;;$0,00;;;;;;;;;;
2265;Music Disk (Ward);1;;$0,00;;;;;;;;;;
2266;Music Disk (11);1;;$0,00;;;;;;;;;;
2267;Music Disk (Wait);1;;$0,00;;;;;;;;;;
